{
	"info": {
		"_postman_id": "7ab12b92-f5cc-4fef-a125-6ab0338f0b98",
		"name": "Evolua_SpringBoot",
		"description": "SyscProject_SpringBoot\r\ncom.sysconecte.sysc.SyscProject",
		"schema": "https://schema.getpostman.com/json/collection/v2.1.0/collection.json"
	},
	"item": [
		{
			"name": "http://localhost:8080/cliente/obj1",
			"request": {
				"method": "GET",
				"header": [],
				"url": {
					"raw": ""
				}
			},
			"response": []
		},
		{
			"name": "http://localhost:8080/cliente/obj2",
			"request": {
				"method": "GET",
				"header": [],
				"url": {
					"raw": ""
				}
			},
			"response": []
		},
		{
			"name": "http://localhost:8080/cliente/obj3",
			"request": {
				"method": "GET",
				"header": [],
				"url": {
					"raw": ""
				}
			},
			"response": []
		},
		{
			"name": "http://localhost:8080/cliente/obj4",
			"request": {
				"method": "GET",
				"header": [],
				"url": {
					"raw": ""
				}
			},
			"response": []
		},
		{
			"name": "http://localhost:8080/Spring2",
			"request": {
				"method": "GET",
				"header": [],
				"url": {
					"raw": ""
				}
			},
			"response": []
		},
		{
			"name": "http://localhost:8080/Spring",
			"request": {
				"method": "GET",
				"header": [],
				"url": {
					"raw": ""
				}
			},
			"response": []
		},
		{
			"name": "http://localhost:8080/metodosManipulacao",
			"request": {
				"method": "GET",
				"header": [],
				"url": {
					"raw": "http://localhost:8080/cliente/1",
					"protocol": "http",
					"host": [
						"localhost"
					],
					"port": "8080",
					"path": [
						"cliente",
						"1"
					]
				}
			},
			"response": []
		},
		{
			"name": "http://localhost:8080/metodosManipulacao",
			"request": {
				"method": "POST",
				"header": [],
				"url": {
					"raw": "http://localhost:8080/metodosManipulacao",
					"protocol": "http",
					"host": [
						"localhost"
					],
					"port": "8080",
					"path": [
						"metodosManipulacao"
					]
				}
			},
			"response": []
		},
		{
			"name": "http://localhost:8080/metodosManipulacao",
			"request": {
				"method": "PUT",
				"header": [],
				"url": {
					"raw": "http://localhost:8080/metodosManipulacao",
					"protocol": "http",
					"host": [
						"localhost"
					],
					"port": "8080",
					"path": [
						"metodosManipulacao"
					]
				}
			},
			"response": []
		},
		{
			"name": "http://localhost:8080/metodosManipulacao",
			"request": {
				"method": "DELETE",
				"header": [],
				"url": {
					"raw": "http://localhost:8080/metodosManipulacao",
					"protocol": "http",
					"host": [
						"localhost"
					],
					"port": "8080",
					"path": [
						"metodosManipulacao"
					]
				}
			},
			"response": []
		},
		{
			"name": "http://localhost:8080/metodosManipulacao",
			"request": {
				"method": "PATCH",
				"header": [],
				"url": {
					"raw": "http://localhost:8080/metodosManipulacao",
					"protocol": "http",
					"host": [
						"localhost"
					],
					"port": "8080",
					"path": [
						"metodosManipulacao"
					]
				}
			},
			"response": []
		},
		{
			"name": "http://localhost:8080/cliente/1",
			"request": {
				"method": "GET",
				"header": [],
				"url": {
					"raw": "http://localhost:8080/cliente/1",
					"protocol": "http",
					"host": [
						"localhost"
					],
					"port": "8080",
					"path": [
						"cliente",
						"1"
					]
				},
				"description": "GET"
			},
			"response": []
		},
		{
			"name": "http://localhost:8080/api/produtos",
			"request": {
				"method": "GET",
				"header": [],
				"url": {
					"raw": ""
				}
			},
			"response": []
		},
		{
			"name": "http://localhost:8080/api/produtos",
			"request": {
				"method": "POST",
				"header": [],
				"body": {
					"mode": "urlencoded",
					"urlencoded": [
						{
							"key": "nome",
							"value": "Caneta",
							"type": "text"
						}
					]
				},
				"url": {
					"raw": "http://localhost:8080/api/produtos",
					"protocol": "http",
					"host": [
						"localhost"
					],
					"port": "8080",
					"path": [
						"api",
						"produtos"
					]
				}
			},
			"response": []
		},
		{
			"name": "http://localhost:8080/api/produtos",
			"request": {
				"method": "GET",
				"header": [],
				"url": {
					"raw": "http://localhost:8080/api/produtos/?",
					"protocol": "http",
					"host": [
						"localhost"
					],
					"port": "8080",
					"path": [
						"api",
						"produtos",
						""
					],
					"query": [
						{
							"key": "",
							"value": null
						}
					]
				}
			},
			"response": []
		},
		{
			"name": "http://localhost:8080/api/produtos/8",
			"request": {
				"method": "GET",
				"header": [],
				"url": {
					"raw": "http://localhost:8080/api/produtos/1",
					"protocol": "http",
					"host": [
						"localhost"
					],
					"port": "8080",
					"path": [
						"api",
						"produtos",
						"1"
					]
				}
			},
			"response": []
		},
		{
			"name": "http://localhost:8080/api/produtos/8",
			"request": {
				"method": "DELETE",
				"header": [],
				"body": {
					"mode": "urlencoded",
					"urlencoded": [
						{
							"key": "nome",
							"value": "Alteracao",
							"type": "text"
						},
						{
							"key": "preco",
							"value": "200",
							"type": "text"
						},
						{
							"key": "desconto",
							"value": "0.1",
							"type": "text"
						}
					]
				},
				"url": {
					"raw": "http://localhost:8080/api/produtos/8",
					"protocol": "http",
					"host": [
						"localhost"
					],
					"port": "8080",
					"path": [
						"api",
						"produtos",
						"8"
					]
				},
				"description": "delete"
			},
			"response": []
		},
		{
			"name": "http://localhost:8080/api/produtos/8",
			"request": {
				"method": "PUT",
				"header": [],
				"body": {
					"mode": "urlencoded",
					"urlencoded": [
						{
							"key": "nome",
							"value": "Alteracao2",
							"type": "text"
						},
						{
							"key": "preco",
							"value": "200",
							"type": "text"
						},
						{
							"key": "desconto",
							"value": "0.1",
							"type": "text"
						}
					]
				},
				"url": {
					"raw": "http://localhost:8080/api/produtos/8",
					"protocol": "http",
					"host": [
						"localhost"
					],
					"port": "8080",
					"path": [
						"api",
						"produtos",
						"8"
					]
				}
			},
			"response": []
		}
	],
	"protocolProfileBehavior": {}
}